TaskName,PlaybackID,TrialID,GazeCongruency,TargetLocation,Participant,AI
joint,P1000_Player2_1189_joint_TrialID2501_Date_29_10_2020_133251.csv,2501,0,1,Responder,Initiator
joint,P1000_Player2_1184_joint_TrialID2502_Date_29_10_2020_133205.csv,2502,0,1,Responder,Initiator
joint,P1000_Player2_1269_joint_TrialID2503_Date_29_10_2020_134402.csv,2503,0,1,Responder,Initiator
joint,P1000_Player2_1330_joint_TrialID2504_Date_29_10_2020_135847.csv,2504,0,1,Responder,Initiator
joint,P1000_Player2_1289_joint_TrialID2505_Date_29_10_2020_135310.csv,2505,0,1,Responder,Initiator
joint,P1000_Player2_1122_joint_TrialID2506_Date_29_10_2020_132312.csv,2506,0,1,Responder,Initiator
joint,P1000_Player2_1094_joint_TrialID2507_Date_29_10_2020_131804.csv,2507,0,2,Responder,Initiator
joint,P1000_Player2_1119_joint_TrialID2508_Date_29_10_2020_132245.csv,2508,0,2,Responder,Initiator
joint,P1000_Player2_1386_joint_TrialID2509_Date_29_10_2020_140557.csv,2509,0,2,Responder,Initiator
joint,P1000_Player2_1319_joint_TrialID2510_Date_29_10_2020_135722.csv,2510,0,2,Responder,Initiator
joint,P1000_Player2_1133_joint_TrialID2511_Date_29_10_2020_132444.csv,2511,0,2,Responder,Initiator
joint,P1000_Player2_1399_joint_TrialID2512_Date_29_10_2020_140739.csv,2512,0,2,Responder,Initiator
joint,P1000_Player2_1229_joint_TrialID2513_Date_29_10_2020_133834.csv,2513,0,3,Responder,Initiator
joint,P1000_Player2_1061_joint_TrialID2514_Date_29_10_2020_131240.csv,2514,0,3,Responder,Initiator
joint,P1000_Player2_1322_joint_TrialID2515_Date_29_10_2020_135746.csv,2515,0,3,Responder,Initiator
joint,P1000_Player2_1148_joint_TrialID2516_Date_29_10_2020_132651.csv,2516,0,3,Responder,Initiator
joint,P1000_Player2_1213_joint_TrialID2517_Date_29_10_2020_133613.csv,2517,0,3,Responder,Initiator
joint,P1000_Player2_1129_joint_TrialID2518_Date_29_10_2020_132410.csv,2518,0,3,Responder,Initiator
joint,P1000_Player2_1304_joint_TrialID2519_Date_29_10_2020_135519.csv,2519,1,1,Responder,Initiator
joint,P1000_Player2_1152_joint_TrialID2520_Date_29_10_2020_132730.csv,2520,1,1,Responder,Initiator
joint,P1000_Player2_1149_joint_TrialID2521_Date_29_10_2020_132701.csv,2521,1,1,Responder,Initiator
joint,P1000_Player2_1052_joint_TrialID2522_Date_29_10_2020_131114.csv,2522,1,1,Responder,Initiator
joint,P1000_Player2_1072_joint_TrialID2523_Date_29_10_2020_131428.csv,2523,1,1,Responder,Initiator
joint,P1000_Player2_1187_joint_TrialID2524_Date_29_10_2020_133232.csv,2524,1,1,Responder,Initiator
joint,P1000_Player2_1302_joint_TrialID2525_Date_29_10_2020_135501.csv,2525,1,1,Responder,Initiator
joint,P1000_Player2_1025_joint_TrialID2526_Date_29_10_2020_130712.csv,2526,1,1,Responder,Initiator
joint,P1000_Player2_1026_joint_TrialID2527_Date_29_10_2020_130720.csv,2527,1,1,Responder,Initiator
joint,P1000_Player2_1199_joint_TrialID2528_Date_29_10_2020_133415.csv,2528,1,1,Responder,Initiator
joint,P1000_Player2_1090_joint_TrialID2529_Date_29_10_2020_131726.csv,2529,1,1,Responder,Initiator
joint,P1000_Player2_1200_joint_TrialID2530_Date_29_10_2020_133423.csv,2530,1,1,Responder,Initiator
joint,P1000_Player2_1080_joint_TrialID2531_Date_29_10_2020_131551.csv,2531,1,1,Responder,Initiator
joint,P1000_Player2_1003_joint_TrialID2532_Date_19_11_2020_145007.csv,2532,1,1,Responder,Initiator
joint,P1000_Player2_1127_joint_TrialID2533_Date_29_10_2020_132353.csv,2533,1,1,Responder,Initiator
joint,P1000_Player2_1230_joint_TrialID2534_Date_29_10_2020_133843.csv,2534,1,1,Responder,Initiator
joint,P1000_Player2_1043_joint_TrialID2535_Date_29_10_2020_130954.csv,2535,1,1,Responder,Initiator
joint,P1000_Player2_1227_joint_TrialID2536_Date_29_10_2020_133816.csv,2536,1,1,Responder,Initiator
joint,P1000_Player2_1031_joint_TrialID2537_Date_29_10_2020_130807.csv,2537,1,2,Responder,Initiator
joint,P1000_Player2_1410_joint_TrialID2538_Date_29_10_2020_140908.csv,2538,1,2,Responder,Initiator
joint,P1000_Player2_1059_joint_TrialID2539_Date_29_10_2020_131220.csv,2539,1,2,Responder,Initiator
joint,P1000_Player2_1015_joint_TrialID2540_Date_19_11_2020_142430.csv,2540,1,2,Responder,Initiator
joint,P1000_Player2_1035_joint_TrialID2541_Date_29_10_2020_130840.csv,2541,1,2,Responder,Initiator
joint,P1000_Player2_1223_joint_TrialID2542_Date_29_10_2020_133742.csv,2542,1,2,Responder,Initiator
joint,P1000_Player2_1334_joint_TrialID2543_Date_29_10_2020_135919.csv,2543,1,2,Responder,Initiator
joint,P1000_Player2_1236_joint_TrialID2544_Date_29_10_2020_133935.csv,2544,1,2,Responder,Initiator
joint,P1000_Player2_1209_joint_TrialID2545_Date_29_10_2020_133541.csv,2545,1,2,Responder,Initiator
joint,P1000_Player2_1272_joint_TrialID2546_Date_29_10_2020_134426.csv,2546,1,2,Responder,Initiator
joint,P1000_Player2_1415_joint_TrialID2547_Date_29_10_2020_140949.csv,2547,1,2,Responder,Initiator
joint,P1000_Player2_1273_joint_TrialID2548_Date_29_10_2020_134434.csv,2548,1,2,Responder,Initiator
joint,P1000_Player2_1029_joint_TrialID2549_Date_29_10_2020_130747.csv,2549,1,2,Responder,Initiator
joint,P1000_Player2_1192_joint_TrialID2550_Date_29_10_2020_133319.csv,2550,1,2,Responder,Initiator
joint,P1000_Player2_1276_joint_TrialID2551_Date_29_10_2020_135116.csv,2551,1,2,Responder,Initiator
joint,P1000_Player2_1037_joint_TrialID2552_Date_29_10_2020_130858.csv,2552,1,2,Responder,Initiator
joint,P1000_Player2_1054_joint_TrialID2553_Date_29_10_2020_131134.csv,2553,1,2,Responder,Initiator
joint,P1000_Player2_1009_joint_TrialID2554_Date_19_11_2020_145106.csv,2554,1,2,Responder,Initiator
joint,P1000_Player2_1012_joint_TrialID2555_Date_19_11_2020_145136.csv,2555,1,3,Responder,Initiator
joint,P1000_Player2_1030_joint_TrialID2556_Date_29_10_2020_130757.csv,2556,1,3,Responder,Initiator
joint,P1000_Player2_1095_joint_TrialID2557_Date_29_10_2020_131813.csv,2557,1,3,Responder,Initiator
joint,P1000_Player2_1203_joint_TrialID2558_Date_29_10_2020_133450.csv,2558,1,3,Responder,Initiator
joint,P1000_Player2_1270_joint_TrialID2559_Date_29_10_2020_134410.csv,2559,1,3,Responder,Initiator
joint,P1000_Player2_1403_joint_TrialID2560_Date_29_10_2020_140811.csv,2560,1,3,Responder,Initiator
joint,P1000_Player2_1101_joint_TrialID2561_Date_29_10_2020_131913.csv,2561,1,3,Responder,Initiator
joint,P1000_Player2_1006_joint_TrialID2562_Date_19_11_2020_145037.csv,2562,1,3,Responder,Initiator
joint,P1000_Player2_1124_joint_TrialID2563_Date_29_10_2020_132329.csv,2563,1,3,Responder,Initiator
joint,P1000_Player2_1086_joint_TrialID2564_Date_29_10_2020_131647.csv,2564,1,3,Responder,Initiator
joint,P1000_Player2_1078_joint_TrialID2565_Date_29_10_2020_131531.csv,2565,1,3,Responder,Initiator
joint,P1000_Player2_1246_joint_TrialID2566_Date_29_10_2020_134056.csv,2566,1,3,Responder,Initiator
joint,P1000_Player2_1153_joint_TrialID2567_Date_29_10_2020_132740.csv,2567,1,3,Responder,Initiator
joint,P1000_Player2_1073_joint_TrialID2568_Date_29_10_2020_131438.csv,2568,1,3,Responder,Initiator
joint,P1000_Player2_1021_joint_TrialID2569_Date_29_10_2020_130633.csv,2569,1,3,Responder,Initiator
joint,P1000_Player2_1109_joint_TrialID2570_Date_29_10_2020_132039.csv,2570,1,3,Responder,Initiator
joint,P1000_Player2_1012_joint_TrialID2571_Date_29_10_2020_130515.csv,2571,1,3,Responder,Initiator
joint,P1000_Player2_1238_joint_TrialID2572_Date_29_10_2020_133950.csv,2572,1,3,Responder,Initiator
joint,P1000_Player2_1260_joint_TrialID2573_Date_29_10_2020_134253.csv,2573,,1,Initiator,Responder
joint,P1000_Player2_1111_joint_TrialID2574_Date_29_10_2020_132133.csv,2574,,1,Initiator,Responder
joint,P1000_Player2_1156_joint_TrialID2575_Date_29_10_2020_132807.csv,2575,,1,Initiator,Responder
joint,P1000_Player2_1077_joint_TrialID2576_Date_29_10_2020_131520.csv,2576,,1,Initiator,Responder
joint,P1000_Player2_1364_joint_TrialID2577_Date_29_10_2020_140316.csv,2577,,1,Initiator,Responder
joint,P1000_Player2_1098_joint_TrialID2578_Date_29_10_2020_131841.csv,2578,,1,Initiator,Responder
joint,P1000_Player2_1093_joint_TrialID2579_Date_29_10_2020_131754.csv,2579,,1,Initiator,Responder
joint,P1000_Player2_1392_joint_TrialID2580_Date_29_10_2020_140643.csv,2580,,1,Initiator,Responder
joint,P1000_Player2_1166_joint_TrialID2581_Date_29_10_2020_132934.csv,2581,,1,Initiator,Responder
joint,P1000_Player2_1318_joint_TrialID2582_Date_29_10_2020_135713.csv,2582,,1,Initiator,Responder
joint,P1000_Player2_1060_joint_TrialID2583_Date_29_10_2020_131229.csv,2583,,1,Initiator,Responder
joint,P1000_Player2_1263_joint_TrialID2584_Date_29_10_2020_134315.csv,2584,,1,Initiator,Responder
joint,P1000_Player2_1425_joint_TrialID2585_Date_29_10_2020_141106.csv,2585,,1,Initiator,Responder
joint,P1000_Player2_1385_joint_TrialID2586_Date_29_10_2020_140548.csv,2586,,1,Initiator,Responder
joint,P1000_Player2_1174_joint_TrialID2587_Date_29_10_2020_133041.csv,2587,,1,Initiator,Responder
joint,P1000_Player2_1371_joint_TrialID2588_Date_29_10_2020_140405.csv,2588,,1,Initiator,Responder
joint,P1000_Player2_1266_joint_TrialID2589_Date_29_10_2020_134338.csv,2589,,1,Initiator,Responder
joint,P1000_Player2_1355_joint_TrialID2590_Date_29_10_2020_140205.csv,2590,,1,Initiator,Responder
joint,P1000_Player2_1217_joint_TrialID2591_Date_29_10_2020_133648.csv,2591,,1,Initiator,Responder
joint,P1000_Player2_1245_joint_TrialID2592_Date_29_10_2020_134047.csv,2592,,1,Initiator,Responder
joint,P1000_Player2_1195_joint_TrialID2593_Date_29_10_2020_133344.csv,2593,,1,Initiator,Responder
joint,P1000_Player2_1382_joint_TrialID2594_Date_29_10_2020_140526.csv,2594,,1,Initiator,Responder
joint,P1000_Player2_1342_joint_TrialID2595_Date_29_10_2020_140024.csv,2595,,1,Initiator,Responder
joint,P1000_Player2_1380_joint_TrialID2596_Date_29_10_2020_140510.csv,2596,,1,Initiator,Responder
joint,P1000_Player2_1130_joint_TrialID2597_Date_29_10_2020_132418.csv,2597,,2,Initiator,Responder
joint,P1000_Player2_1264_joint_TrialID2598_Date_29_10_2020_134323.csv,2598,,2,Initiator,Responder
joint,P1000_Player2_1137_joint_TrialID2599_Date_29_10_2020_132518.csv,2599,,2,Initiator,Responder
joint,P1000_Player2_1013_joint_TrialID2600_Date_29_10_2020_130524.csv,2600,,2,Initiator,Responder
joint,P1000_Player2_1365_joint_TrialID2601_Date_29_10_2020_140323.csv,2601,,2,Initiator,Responder
joint,P1000_Player2_1169_joint_TrialID2602_Date_29_10_2020_132959.csv,2602,,2,Initiator,Responder
joint,P1000_Player2_1046_joint_TrialID2603_Date_29_10_2020_131017.csv,2603,,2,Initiator,Responder
joint,P1000_Player2_1194_joint_TrialID2604_Date_29_10_2020_133336.csv,2604,,2,Initiator,Responder
joint,P1000_Player2_1068_joint_TrialID2605_Date_29_10_2020_131347.csv,2605,,2,Initiator,Responder
joint,P1000_Player2_1019_joint_TrialID2606_Date_29_10_2020_130615.csv,2606,,2,Initiator,Responder
joint,P1000_Player2_1284_joint_TrialID2607_Date_29_10_2020_135226.csv,2607,,2,Initiator,Responder
joint,P1000_Player2_1261_joint_TrialID2608_Date_29_10_2020_134300.csv,2608,,2,Initiator,Responder
joint,P1000_Player2_1049_joint_TrialID2609_Date_29_10_2020_131045.csv,2609,,2,Initiator,Responder
joint,P1000_Player2_1215_joint_TrialID2610_Date_29_10_2020_133632.csv,2610,,2,Initiator,Responder
joint,P1000_Player2_1225_joint_TrialID2611_Date_29_10_2020_133759.csv,2611,,2,Initiator,Responder
joint,P1000_Player2_1349_joint_TrialID2612_Date_29_10_2020_140119.csv,2612,,2,Initiator,Responder
joint,P1000_Player2_1430_joint_TrialID2613_Date_29_10_2020_141143.csv,2613,,2,Initiator,Responder
joint,P1000_Player2_1108_joint_TrialID2614_Date_29_10_2020_132026.csv,2614,,2,Initiator,Responder
joint,P1000_Player2_1034_joint_TrialID2615_Date_29_10_2020_130831.csv,2615,,2,Initiator,Responder
joint,P1000_Player2_1390_joint_TrialID2616_Date_29_10_2020_140627.csv,2616,,2,Initiator,Responder
joint,P1000_Player2_1313_joint_TrialID2617_Date_29_10_2020_135633.csv,2617,,2,Initiator,Responder
joint,P1000_Player2_1347_joint_TrialID2618_Date_29_10_2020_140104.csv,2618,,2,Initiator,Responder
joint,P1000_Player2_1379_joint_TrialID2619_Date_29_10_2020_140503.csv,2619,,2,Initiator,Responder
joint,P1000_Player2_1145_joint_TrialID2620_Date_29_10_2020_132625.csv,2620,,2,Initiator,Responder
joint,P1000_Player2_1388_joint_TrialID2621_Date_29_10_2020_140613.csv,2621,,3,Initiator,Responder
joint,P1000_Player2_1378_joint_TrialID2622_Date_29_10_2020_140456.csv,2622,,3,Initiator,Responder
joint,P1000_Player2_1181_joint_TrialID2623_Date_29_10_2020_133141.csv,2623,,3,Initiator,Responder
joint,P1000_Player2_1102_joint_TrialID2624_Date_29_10_2020_131925.csv,2624,,3,Initiator,Responder
joint,P1000_Player2_1008_joint_TrialID2625_Date_29_10_2020_130439.csv,2625,,3,Initiator,Responder
joint,P1000_Player2_1316_joint_TrialID2626_Date_29_10_2020_135656.csv,2626,,3,Initiator,Responder
joint,P1000_Player2_1041_joint_TrialID2627_Date_29_10_2020_130936.csv,2627,,3,Initiator,Responder
joint,P1000_Player2_1420_joint_TrialID2628_Date_29_10_2020_141029.csv,2628,,3,Initiator,Responder
joint,P1000_Player2_1219_joint_TrialID2629_Date_29_10_2020_133707.csv,2629,,3,Initiator,Responder
joint,P1000_Player2_1239_joint_TrialID2630_Date_29_10_2020_133958.csv,2630,,3,Initiator,Responder
joint,P1000_Player2_1375_joint_TrialID2631_Date_29_10_2020_140434.csv,2631,,3,Initiator,Responder
joint,P1000_Player2_1307_joint_TrialID2632_Date_29_10_2020_135543.csv,2632,,3,Initiator,Responder
joint,P1000_Player2_1250_joint_TrialID2633_Date_29_10_2020_134130.csv,2633,,3,Initiator,Responder
joint,P1000_Player2_1210_joint_TrialID2634_Date_29_10_2020_133549.csv,2634,,3,Initiator,Responder
joint,P1000_Player2_1033_joint_TrialID2635_Date_29_10_2020_130824.csv,2635,,3,Initiator,Responder
joint,P1000_Player2_1408_joint_TrialID2636_Date_29_10_2020_140853.csv,2636,,3,Initiator,Responder
joint,P1000_Player2_1140_joint_TrialID2637_Date_29_10_2020_132544.csv,2637,,3,Initiator,Responder
joint,P1000_Player2_1351_joint_TrialID2638_Date_29_10_2020_140133.csv,2638,,3,Initiator,Responder
joint,P1000_Player2_1168_joint_TrialID2639_Date_29_10_2020_132952.csv,2639,,3,Initiator,Responder
joint,P1000_Player2_1221_joint_TrialID2640_Date_29_10_2020_133725.csv,2640,,3,Initiator,Responder
joint,P1000_Player2_1381_joint_TrialID2641_Date_29_10_2020_140518.csv,2641,,3,Initiator,Responder
joint,P1000_Player2_1327_joint_TrialID2642_Date_29_10_2020_135823.csv,2642,,3,Initiator,Responder
joint,P1000_Player2_1083_joint_TrialID2643_Date_29_10_2020_131620.csv,2643,,3,Initiator,Responder
joint,P1000_Player2_1056_joint_TrialID2644_Date_29_10_2020_131150.csv,2644,,3,Initiator,Responder
joint,P1000_Player2_1157_joint_TrialID5001_Date_29_10_2020_132817.csv,5001,0,1,Responder,Initiator
joint,P1000_Player2_1051_joint_TrialID5002_Date_29_10_2020_131105.csv,5002,0,1,Responder,Initiator
joint,P1000_Player2_1285_joint_TrialID5003_Date_29_10_2020_135235.csv,5003,0,1,Responder,Initiator
joint,P1000_Player2_1016_joint_TrialID5004_Date_19_11_2020_145217.csv,5004,0,1,Responder,Initiator
joint,P1000_Player2_1292_joint_TrialID5005_Date_29_10_2020_135335.csv,5005,0,1,Responder,Initiator
joint,P1000_Player2_1220_joint_TrialID5006_Date_29_10_2020_133716.csv,5006,0,1,Responder,Initiator
joint,P1000_Player2_1205_joint_TrialID5007_Date_29_10_2020_133508.csv,5007,0,1,Responder,Initiator
joint,P1000_Player2_1206_joint_TrialID5008_Date_29_10_2020_133517.csv,5008,0,1,Responder,Initiator
joint,P1000_Player2_1154_joint_TrialID5009_Date_29_10_2020_132750.csv,5009,0,1,Responder,Initiator
joint,P1000_Player2_1159_joint_TrialID5010_Date_29_10_2020_132834.csv,5010,0,1,Responder,Initiator
joint,P1000_Player2_1309_joint_TrialID5011_Date_29_10_2020_135601.csv,5011,0,1,Responder,Initiator
joint,P1000_Player2_1082_joint_TrialID5012_Date_29_10_2020_131612.csv,5012,0,1,Responder,Initiator
joint,P1000_Player2_1160_joint_TrialID5013_Date_29_10_2020_132843.csv,5013,0,2,Responder,Initiator
joint,P1000_Player2_1201_joint_TrialID5014_Date_29_10_2020_133433.csv,5014,0,2,Responder,Initiator
joint,P1000_Player2_1024_joint_TrialID5015_Date_29_10_2020_130702.csv,5015,0,2,Responder,Initiator
joint,P1000_Player2_1180_joint_TrialID5016_Date_29_10_2020_133133.csv,5016,0,2,Responder,Initiator
joint,P1000_Player2_1282_joint_TrialID5017_Date_29_10_2020_135210.csv,5017,0,2,Responder,Initiator
joint,P1000_Player2_1183_joint_TrialID5018_Date_29_10_2020_133156.csv,5018,0,2,Responder,Initiator
joint,P1000_Player2_1240_joint_TrialID5019_Date_29_10_2020_134007.csv,5019,0,2,Responder,Initiator
joint,P1000_Player2_1268_joint_TrialID5020_Date_29_10_2020_134354.csv,5020,0,2,Responder,Initiator
joint,P1000_Player2_1071_joint_TrialID5021_Date_29_10_2020_131417.csv,5021,0,2,Responder,Initiator
joint,P1000_Player2_1067_joint_TrialID5022_Date_29_10_2020_131337.csv,5022,0,2,Responder,Initiator
joint,P1000_Player2_1345_joint_TrialID5023_Date_29_10_2020_140049.csv,5023,0,2,Responder,Initiator
joint,P1000_Player2_1308_joint_TrialID5024_Date_29_10_2020_135552.csv,5024,0,2,Responder,Initiator
joint,P1000_Player2_1143_joint_TrialID5025_Date_29_10_2020_132607.csv,5025,0,3,Responder,Initiator
joint,P1000_Player2_1084_joint_TrialID5026_Date_29_10_2020_131628.csv,5026,0,3,Responder,Initiator
joint,P1000_Player2_1044_joint_TrialID5027_Date_29_10_2020_131003.csv,5027,0,3,Responder,Initiator
joint,P1000_Player2_1010_joint_TrialID5028_Date_29_10_2020_130458.csv,5028,0,3,Responder,Initiator
joint,P1000_Player2_1161_joint_TrialID5029_Date_29_10_2020_132851.csv,5029,0,3,Responder,Initiator
joint,P1000_Player2_1118_joint_TrialID5030_Date_29_10_2020_132236.csv,5030,0,3,Responder,Initiator
joint,P1000_Player2_1053_joint_TrialID5031_Date_29_10_2020_131123.csv,5031,0,3,Responder,Initiator
joint,P1000_Player2_1002_joint_TrialID5032_Date_19_11_2020_144957.csv,5032,0,3,Responder,Initiator
joint,P1000_Player2_1171_joint_TrialID5033_Date_29_10_2020_133017.csv,5033,0,3,Responder,Initiator
joint,P1000_Player2_1423_joint_TrialID5034_Date_29_10_2020_141051.csv,5034,0,3,Responder,Initiator
joint,P1000_Player2_1176_joint_TrialID5035_Date_29_10_2020_133058.csv,5035,0,3,Responder,Initiator
joint,P1000_Player2_1107_joint_TrialID5036_Date_29_10_2020_132018.csv,5036,0,3,Responder,Initiator
joint,P1000_Player2_1048_joint_TrialID5037_Date_29_10_2020_131037.csv,5037,1,1,Responder,Initiator
joint,P1000_Player2_1070_joint_TrialID5038_Date_29_10_2020_131406.csv,5038,1,1,Responder,Initiator
joint,P1000_Player2_1193_joint_TrialID5039_Date_29_10_2020_133328.csv,5039,1,1,Responder,Initiator
joint,P1000_Player2_1341_joint_TrialID5040_Date_29_10_2020_140018.csv,5040,1,1,Responder,Initiator
joint,P1000_Player2_1066_joint_TrialID5041_Date_29_10_2020_131327.csv,5041,1,1,Responder,Initiator
joint,P1000_Player2_1340_joint_TrialID5042_Date_29_10_2020_140010.csv,5042,1,1,Responder,Initiator
joint,P1000_Player2_1134_joint_TrialID5043_Date_29_10_2020_132453.csv,5043,1,1,Responder,Initiator
joint,P1000_Player2_1235_joint_TrialID5044_Date_29_10_2020_133926.csv,5044,1,1,Responder,Initiator
joint,P1000_Player2_1251_joint_TrialID5045_Date_29_10_2020_134139.csv,5045,1,1,Responder,Initiator
joint,P1000_Player2_1039_joint_TrialID5046_Date_29_10_2020_130918.csv,5046,1,1,Responder,Initiator
joint,P1000_Player2_1173_joint_TrialID5047_Date_29_10_2020_133033.csv,5047,1,1,Responder,Initiator
joint,P1000_Player2_1288_joint_TrialID5048_Date_29_10_2020_135301.csv,5048,1,1,Responder,Initiator
joint,P1000_Player2_1360_joint_TrialID5049_Date_29_10_2020_140242.csv,5049,1,2,Responder,Initiator
joint,P1000_Player2_1019_joint_TrialID5050_Date_19_11_2020_142506.csv,5050,1,2,Responder,Initiator
joint,P1000_Player2_1214_joint_TrialID5051_Date_29_10_2020_133623.csv,5051,1,2,Responder,Initiator
joint,P1000_Player2_1135_joint_TrialID5052_Date_29_10_2020_132502.csv,5052,1,2,Responder,Initiator
joint,P1000_Player2_1162_joint_TrialID5053_Date_29_10_2020_132900.csv,5053,1,2,Responder,Initiator
joint,P1000_Player2_1328_joint_TrialID5054_Date_29_10_2020_135832.csv,5054,1,2,Responder,Initiator
joint,P1000_Player2_1005_joint_TrialID5055_Date_19_11_2020_145026.csv,5055,1,2,Responder,Initiator
joint,P1000_Player2_1047_joint_TrialID5056_Date_29_10_2020_131027.csv,5056,1,2,Responder,Initiator
joint,P1000_Player2_1412_joint_TrialID5057_Date_29_10_2020_140924.csv,5057,1,2,Responder,Initiator
joint,P1000_Player2_1014_joint_TrialID5058_Date_19_11_2020_145157.csv,5058,1,2,Responder,Initiator
joint,P1000_Player2_1335_joint_TrialID5059_Date_29_10_2020_135928.csv,5059,1,2,Responder,Initiator
joint,P1000_Player2_1278_joint_TrialID5060_Date_29_10_2020_135134.csv,5060,1,2,Responder,Initiator
joint,P1000_Player2_1085_joint_TrialID5061_Date_29_10_2020_131637.csv,5061,1,3,Responder,Initiator
joint,P1000_Player2_1144_joint_TrialID5062_Date_29_10_2020_132616.csv,5062,1,3,Responder,Initiator
joint,P1000_Player2_1222_joint_TrialID5063_Date_29_10_2020_133733.csv,5063,1,3,Responder,Initiator
joint,P1000_Player2_1405_joint_TrialID5064_Date_29_10_2020_140829.csv,5064,1,3,Responder,Initiator
joint,P1000_Player2_1241_joint_TrialID5065_Date_29_10_2020_134015.csv,5065,1,3,Responder,Initiator
joint,P1000_Player2_1002_joint_TrialID5066_Date_29_10_2020_130346.csv,5066,1,3,Responder,Initiator
joint,P1000_Player2_1294_joint_TrialID5067_Date_29_10_2020_135352.csv,5067,1,3,Responder,Initiator
joint,P1000_Player2_1191_joint_TrialID5068_Date_29_10_2020_133311.csv,5068,1,3,Responder,Initiator
joint,P1000_Player2_1254_joint_TrialID5069_Date_29_10_2020_134203.csv,5069,1,3,Responder,Initiator
joint,P1000_Player2_1004_joint_TrialID5070_Date_19_11_2020_145017.csv,5070,1,3,Responder,Initiator
joint,P1000_Player2_1339_joint_TrialID5071_Date_29_10_2020_140001.csv,5071,1,3,Responder,Initiator
joint,P1000_Player2_1132_joint_TrialID5072_Date_29_10_2020_132436.csv,5072,1,3,Responder,Initiator
joint,P1000_Player2_1117_joint_TrialID5073_Date_29_10_2020_132226.csv,5073,,1,Initiator,Responder
joint,P1000_Player2_1383_joint_TrialID5074_Date_29_10_2020_140533.csv,5074,,1,Initiator,Responder
joint,P1000_Player2_1265_joint_TrialID5075_Date_29_10_2020_134330.csv,5075,,1,Initiator,Responder
joint,P1000_Player2_1324_joint_TrialID5076_Date_29_10_2020_135801.csv,5076,,1,Initiator,Responder
joint,P1000_Player2_1092_joint_TrialID5077_Date_29_10_2020_131744.csv,5077,,1,Initiator,Responder
joint,P1000_Player2_1374_joint_TrialID5078_Date_29_10_2020_140427.csv,5078,,1,Initiator,Responder
joint,P1000_Player2_1136_joint_TrialID5079_Date_29_10_2020_132511.csv,5079,,1,Initiator,Responder
joint,P1000_Player2_1323_joint_TrialID5080_Date_29_10_2020_135754.csv,5080,,1,Initiator,Responder
joint,P1000_Player2_1357_joint_TrialID5081_Date_29_10_2020_140219.csv,5081,,1,Initiator,Responder
joint,P1000_Player2_1042_joint_TrialID5082_Date_29_10_2020_130944.csv,5082,,1,Initiator,Responder
joint,P1000_Player2_1286_joint_TrialID5083_Date_29_10_2020_135243.csv,5083,,1,Initiator,Responder
joint,P1000_Player2_1394_joint_TrialID5084_Date_29_10_2020_140658.csv,5084,,1,Initiator,Responder
joint,P1000_Player2_1032_joint_TrialID5085_Date_29_10_2020_130816.csv,5085,,1,Initiator,Responder
joint,P1000_Player2_1182_joint_TrialID5086_Date_29_10_2020_133148.csv,5086,,1,Initiator,Responder
joint,P1000_Player2_1367_joint_TrialID5087_Date_29_10_2020_140337.csv,5087,,1,Initiator,Responder
joint,P1000_Player2_1120_joint_TrialID5088_Date_29_10_2020_132253.csv,5088,,1,Initiator,Responder
joint,P1000_Player2_1175_joint_TrialID5089_Date_29_10_2020_133049.csv,5089,,1,Initiator,Responder
joint,P1000_Player2_1290_joint_TrialID5090_Date_29_10_2020_135318.csv,5090,,1,Initiator,Responder
joint,P1000_Player2_1422_joint_TrialID5091_Date_29_10_2020_141043.csv,5091,,1,Initiator,Responder
joint,P1000_Player2_1287_joint_TrialID5092_Date_29_10_2020_135252.csv,5092,,1,Initiator,Responder
joint,P1000_Player2_1023_joint_TrialID5093_Date_29_10_2020_130654.csv,5093,,1,Initiator,Responder
joint,P1000_Player2_1172_joint_TrialID5094_Date_29_10_2020_133025.csv,5094,,1,Initiator,Responder
joint,P1000_Player2_1320_joint_TrialID5095_Date_29_10_2020_135729.csv,5095,,1,Initiator,Responder
joint,P1000_Player2_1233_joint_TrialID5096_Date_29_10_2020_133907.csv,5096,,1,Initiator,Responder
joint,P1000_Player2_1110_joint_TrialID5097_Date_29_10_2020_132049.csv,5097,,2,Initiator,Responder
joint,P1000_Player2_1427_joint_TrialID5098_Date_29_10_2020_141121.csv,5098,,2,Initiator,Responder
joint,P1000_Player2_1352_joint_TrialID5099_Date_29_10_2020_140141.csv,5099,,2,Initiator,Responder
joint,P1000_Player2_1356_joint_TrialID5100_Date_29_10_2020_140212.csv,5100,,2,Initiator,Responder
joint,P1000_Player2_1190_joint_TrialID5101_Date_29_10_2020_133259.csv,5101,,2,Initiator,Responder
joint,P1000_Player2_1207_joint_TrialID5102_Date_29_10_2020_133525.csv,5102,,2,Initiator,Responder
joint,P1000_Player2_1197_joint_TrialID5103_Date_29_10_2020_133359.csv,5103,,2,Initiator,Responder
joint,P1000_Player2_1331_joint_TrialID5104_Date_29_10_2020_135855.csv,5104,,2,Initiator,Responder
joint,P1000_Player2_1406_joint_TrialID5105_Date_29_10_2020_140837.csv,5105,,2,Initiator,Responder
joint,P1000_Player2_1103_joint_TrialID5106_Date_29_10_2020_131932.csv,5106,,2,Initiator,Responder
joint,P1000_Player2_1016_joint_TrialID5107_Date_29_10_2020_130549.csv,5107,,2,Initiator,Responder
joint,P1000_Player2_1271_joint_TrialID5108_Date_29_10_2020_134418.csv,5108,,2,Initiator,Responder
joint,P1000_Player2_1242_joint_TrialID5109_Date_29_10_2020_134023.csv,5109,,2,Initiator,Responder
joint,P1000_Player2_1185_joint_TrialID5110_Date_29_10_2020_133213.csv,5110,,2,Initiator,Responder
joint,P1000_Player2_1139_joint_TrialID5111_Date_29_10_2020_132536.csv,5111,,2,Initiator,Responder
joint,P1000_Player2_1369_joint_TrialID5112_Date_29_10_2020_140351.csv,5112,,2,Initiator,Responder
joint,P1000_Player2_1255_joint_TrialID5113_Date_29_10_2020_134211.csv,5113,,2,Initiator,Responder
joint,P1000_Player2_1267_joint_TrialID5114_Date_29_10_2020_134346.csv,5114,,2,Initiator,Responder
joint,P1000_Player2_1384_joint_TrialID5115_Date_29_10_2020_140541.csv,5115,,2,Initiator,Responder
joint,P1000_Player2_1202_joint_TrialID5116_Date_29_10_2020_133440.csv,5116,,2,Initiator,Responder
joint,P1000_Player2_1004_joint_TrialID5117_Date_29_10_2020_130403.csv,5117,,2,Initiator,Responder
joint,P1000_Player2_1198_joint_TrialID5118_Date_29_10_2020_133406.csv,5118,,2,Initiator,Responder
joint,P1000_Player2_1368_joint_TrialID5119_Date_29_10_2020_140344.csv,5119,,2,Initiator,Responder
joint,P1000_Player2_1155_joint_TrialID5120_Date_29_10_2020_132759.csv,5120,,2,Initiator,Responder
joint,P1000_Player2_1064_joint_TrialID5121_Date_29_10_2020_131309.csv,5121,,3,Initiator,Responder
joint,P1000_Player2_1091_joint_TrialID5122_Date_29_10_2020_131734.csv,5122,,3,Initiator,Responder
joint,P1000_Player2_1376_joint_TrialID5123_Date_29_10_2020_140441.csv,5123,,3,Initiator,Responder
joint,P1000_Player2_1114_joint_TrialID5124_Date_29_10_2020_132201.csv,5124,,3,Initiator,Responder
joint,P1000_Player2_1020_joint_TrialID5125_Date_29_10_2020_130625.csv,5125,,3,Initiator,Responder
joint,P1000_Player2_1179_joint_TrialID5126_Date_29_10_2020_133125.csv,5126,,3,Initiator,Responder
joint,P1000_Player2_1038_joint_TrialID5127_Date_29_10_2020_130908.csv,5127,,3,Initiator,Responder
joint,P1000_Player2_1326_joint_TrialID5128_Date_29_10_2020_135816.csv,5128,,3,Initiator,Responder
joint,P1000_Player2_1262_joint_TrialID5129_Date_29_10_2020_134307.csv,5129,,3,Initiator,Responder
joint,P1000_Player2_1419_joint_TrialID5130_Date_29_10_2020_141022.csv,5130,,3,Initiator,Responder
joint,P1000_Player2_1257_joint_TrialID5131_Date_29_10_2020_134230.csv,5131,,3,Initiator,Responder
joint,P1000_Player2_1377_joint_TrialID5132_Date_29_10_2020_140449.csv,5132,,3,Initiator,Responder
joint,P1000_Player2_1163_joint_TrialID5133_Date_29_10_2020_132909.csv,5133,,3,Initiator,Responder
joint,P1000_Player2_1017_joint_TrialID5134_Date_29_10_2020_130558.csv,5134,,3,Initiator,Responder
joint,P1000_Player2_1164_joint_TrialID5135_Date_29_10_2020_132917.csv,5135,,3,Initiator,Responder
joint,P1000_Player2_1297_joint_TrialID5136_Date_29_10_2020_135417.csv,5136,,3,Initiator,Responder
joint,P1000_Player2_1428_joint_TrialID5137_Date_29_10_2020_141129.csv,5137,,3,Initiator,Responder
joint,P1000_Player2_1421_joint_TrialID5138_Date_29_10_2020_141037.csv,5138,,3,Initiator,Responder
joint,P1000_Player2_1147_joint_TrialID5139_Date_29_10_2020_132641.csv,5139,,3,Initiator,Responder
joint,P1000_Player2_1063_joint_TrialID5140_Date_29_10_2020_131300.csv,5140,,3,Initiator,Responder
joint,P1000_Player2_1402_joint_TrialID5141_Date_29_10_2020_140803.csv,5141,,3,Initiator,Responder
joint,P1000_Player2_1186_joint_TrialID5142_Date_29_10_2020_133220.csv,5142,,3,Initiator,Responder
joint,P1000_Player2_1001_joint_TrialID5143_Date_29_10_2020_130338.csv,5143,,3,Initiator,Responder
joint,P1000_Player2_1036_joint_TrialID5144_Date_29_10_2020_130849.csv,5144,,3,Initiator,Responder
joint,P1000_Player2_1204_joint_TrialID7501_Date_29_10_2020_133459.csv,7501,0,1,Responder,Initiator
joint,P1000_Player2_1013_joint_TrialID7502_Date_19_11_2020_145147.csv,7502,0,1,Responder,Initiator
joint,P1000_Player2_1295_joint_TrialID7503_Date_29_10_2020_135400.csv,7503,0,1,Responder,Initiator
joint,P1000_Player2_1256_joint_TrialID7504_Date_29_10_2020_134220.csv,7504,0,1,Responder,Initiator
joint,P1000_Player2_1361_joint_TrialID7505_Date_29_10_2020_140251.csv,7505,0,1,Responder,Initiator
joint,P1000_Player2_1350_joint_TrialID7506_Date_29_10_2020_140127.csv,7506,0,1,Responder,Initiator
joint,P1000_Player2_1218_joint_TrialID7507_Date_29_10_2020_133659.csv,7507,0,1,Responder,Initiator
joint,P1000_Player2_1008_joint_TrialID7508_Date_19_11_2020_145056.csv,7508,0,1,Responder,Initiator
joint,P1000_Player2_1312_joint_TrialID7509_Date_29_10_2020_135626.csv,7509,0,1,Responder,Initiator
joint,P1000_Player2_1363_joint_TrialID7510_Date_29_10_2020_140308.csv,7510,0,1,Responder,Initiator
joint,P1000_Player2_1387_joint_TrialID7511_Date_29_10_2020_140605.csv,7511,0,1,Responder,Initiator
joint,P1000_Player2_1243_joint_TrialID7512_Date_29_10_2020_134032.csv,7512,0,1,Responder,Initiator
joint,P1000_Player2_1248_joint_TrialID7513_Date_29_10_2020_134114.csv,7513,0,1,Responder,Initiator
joint,P1000_Player2_1301_joint_TrialID7514_Date_29_10_2020_135452.csv,7514,0,1,Responder,Initiator
joint,P1000_Player2_1211_joint_TrialID7515_Date_29_10_2020_133557.csv,7515,0,1,Responder,Initiator
joint,P1000_Player2_1076_joint_TrialID7516_Date_29_10_2020_131509.csv,7516,0,1,Responder,Initiator
joint,P1000_Player2_1299_joint_TrialID7517_Date_29_10_2020_135436.csv,7517,0,1,Responder,Initiator
joint,P1000_Player2_1058_joint_TrialID7518_Date_29_10_2020_131209.csv,7518,0,1,Responder,Initiator
joint,P1000_Player2_1247_joint_TrialID7519_Date_29_10_2020_134104.csv,7519,0,2,Responder,Initiator
joint,P1000_Player2_1011_joint_TrialID7520_Date_19_11_2020_145126.csv,7520,0,2,Responder,Initiator
joint,P1000_Player2_1281_joint_TrialID7521_Date_29_10_2020_135201.csv,7521,0,2,Responder,Initiator
joint,P1000_Player2_1019_joint_TrialID7522_Date_19_11_2020_145245.csv,7522,0,2,Responder,Initiator
joint,P1000_Player2_1050_joint_TrialID7523_Date_29_10_2020_131055.csv,7523,0,2,Responder,Initiator
joint,P1000_Player2_1040_joint_TrialID7524_Date_29_10_2020_130927.csv,7524,0,2,Responder,Initiator
joint,P1000_Player2_1208_joint_TrialID7525_Date_29_10_2020_133533.csv,7525,0,2,Responder,Initiator
joint,P1000_Player2_1315_joint_TrialID7526_Date_29_10_2020_135649.csv,7526,0,2,Responder,Initiator
joint,P1000_Player2_1348_joint_TrialID7527_Date_29_10_2020_140112.csv,7527,0,2,Responder,Initiator
joint,P1000_Player2_1003_joint_TrialID7528_Date_29_10_2020_130354.csv,7528,0,2,Responder,Initiator
joint,P1000_Player2_1178_joint_TrialID7529_Date_29_10_2020_133116.csv,7529,0,2,Responder,Initiator
joint,P1000_Player2_1306_joint_TrialID7530_Date_29_10_2020_135536.csv,7530,0,2,Responder,Initiator
joint,P1000_Player2_1400_joint_TrialID7531_Date_29_10_2020_140748.csv,7531,0,2,Responder,Initiator
joint,P1000_Player2_1018_joint_TrialID7532_Date_19_11_2020_145236.csv,7532,0,2,Responder,Initiator
joint,P1000_Player2_1113_joint_TrialID7533_Date_29_10_2020_132151.csv,7533,0,2,Responder,Initiator
joint,P1000_Player2_1022_joint_TrialID7534_Date_29_10_2020_130644.csv,7534,0,2,Responder,Initiator
joint,P1000_Player2_1258_joint_TrialID7535_Date_29_10_2020_134238.csv,7535,0,2,Responder,Initiator
joint,P1000_Player2_1074_joint_TrialID7536_Date_29_10_2020_131448.csv,7536,0,2,Responder,Initiator
joint,P1000_Player2_1165_joint_TrialID7537_Date_29_10_2020_132926.csv,7537,0,3,Responder,Initiator
joint,P1000_Player2_1337_joint_TrialID7538_Date_29_10_2020_135944.csv,7538,0,3,Responder,Initiator
joint,P1000_Player2_1389_joint_TrialID7539_Date_29_10_2020_140621.csv,7539,0,3,Responder,Initiator
joint,P1000_Player2_1298_joint_TrialID7540_Date_29_10_2020_135426.csv,7540,0,3,Responder,Initiator
joint,P1000_Player2_1151_joint_TrialID7541_Date_29_10_2020_132721.csv,7541,0,3,Responder,Initiator
joint,P1000_Player2_1079_joint_TrialID7542_Date_29_10_2020_131541.csv,7542,0,3,Responder,Initiator
joint,P1000_Player2_1167_joint_TrialID7543_Date_29_10_2020_132943.csv,7543,0,3,Responder,Initiator
joint,P1000_Player2_1006_joint_TrialID7544_Date_29_10_2020_130421.csv,7544,0,3,Responder,Initiator
joint,P1000_Player2_1280_joint_TrialID7545_Date_29_10_2020_135152.csv,7545,0,3,Responder,Initiator
joint,P1000_Player2_1188_joint_TrialID7546_Date_29_10_2020_133241.csv,7546,0,3,Responder,Initiator
joint,P1000_Player2_1303_joint_TrialID7547_Date_29_10_2020_135511.csv,7547,0,3,Responder,Initiator
joint,P1000_Player2_1017_joint_TrialID7548_Date_19_11_2020_145227.csv,7548,0,3,Responder,Initiator
joint,P1000_Player2_1104_joint_TrialID7549_Date_29_10_2020_131943.csv,7549,0,3,Responder,Initiator
joint,P1000_Player2_1418_joint_TrialID7550_Date_29_10_2020_141014.csv,7550,0,3,Responder,Initiator
joint,P1000_Player2_1150_joint_TrialID7551_Date_29_10_2020_132712.csv,7551,0,3,Responder,Initiator
joint,P1000_Player2_1011_joint_TrialID7552_Date_29_10_2020_130506.csv,7552,0,3,Responder,Initiator
joint,P1000_Player2_1393_joint_TrialID7553_Date_29_10_2020_140651.csv,7553,0,3,Responder,Initiator
joint,P1000_Player2_1234_joint_TrialID7554_Date_29_10_2020_133917.csv,7554,0,3,Responder,Initiator
joint,P1000_Player2_1097_joint_TrialID7555_Date_29_10_2020_131832.csv,7555,1,1,Responder,Initiator
joint,P1000_Player2_1343_joint_TrialID7556_Date_29_10_2020_140032.csv,7556,1,1,Responder,Initiator
joint,P1000_Player2_1431_joint_TrialID7557_Date_29_10_2020_141151.csv,7557,1,1,Responder,Initiator
joint,P1000_Player2_1007_joint_TrialID7558_Date_29_10_2020_130429.csv,7558,1,1,Responder,Initiator
joint,P1000_Player2_1413_joint_TrialID7559_Date_29_10_2020_140933.csv,7559,1,1,Responder,Initiator
joint,P1000_Player2_1088_joint_TrialID7560_Date_29_10_2020_131705.csv,7560,1,1,Responder,Initiator
joint,P1000_Player2_1414_joint_TrialID7561_Date_29_10_2020_140941.csv,7561,1,2,Responder,Initiator
joint,P1000_Player2_1362_joint_TrialID7562_Date_29_10_2020_140300.csv,7562,1,2,Responder,Initiator
joint,P1000_Player2_1015_joint_TrialID7563_Date_19_11_2020_145206.csv,7563,1,2,Responder,Initiator
joint,P1000_Player2_1115_joint_TrialID7564_Date_29_10_2020_132210.csv,7564,1,2,Responder,Initiator
joint,P1000_Player2_1373_joint_TrialID7565_Date_29_10_2020_140420.csv,7565,1,2,Responder,Initiator
joint,P1000_Player2_1177_joint_TrialID7566_Date_29_10_2020_133108.csv,7566,1,2,Responder,Initiator
joint,P1000_Player2_1010_joint_TrialID7567_Date_19_11_2020_145117.csv,7567,1,3,Responder,Initiator
joint,P1000_Player2_1344_joint_TrialID7568_Date_29_10_2020_140041.csv,7568,1,3,Responder,Initiator
joint,P1000_Player2_1007_joint_TrialID7569_Date_19_11_2020_145047.csv,7569,1,3,Responder,Initiator
joint,P1000_Player2_1404_joint_TrialID7570_Date_29_10_2020_140820.csv,7570,1,3,Responder,Initiator
joint,P1000_Player2_1279_joint_TrialID7571_Date_29_10_2020_135143.csv,7571,1,3,Responder,Initiator
joint,P1000_Player2_1121_joint_TrialID7572_Date_29_10_2020_132302.csv,7572,1,3,Responder,Initiator
joint,P1000_Player2_1237_joint_TrialID7573_Date_29_10_2020_133943.csv,7573,,1,Initiator,Responder
joint,P1000_Player2_1359_joint_TrialID7574_Date_29_10_2020_140233.csv,7574,,1,Initiator,Responder
joint,P1000_Player2_1142_joint_TrialID7575_Date_29_10_2020_132558.csv,7575,,1,Initiator,Responder
joint,P1000_Player2_1055_joint_TrialID7576_Date_29_10_2020_131141.csv,7576,,1,Initiator,Responder
joint,P1000_Player2_1283_joint_TrialID7577_Date_29_10_2020_135217.csv,7577,,1,Initiator,Responder
joint,P1000_Player2_1158_joint_TrialID7578_Date_29_10_2020_132825.csv,7578,,1,Initiator,Responder
joint,P1000_Player2_1112_joint_TrialID7579_Date_29_10_2020_132142.csv,7579,,1,Initiator,Responder
joint,P1000_Player2_1259_joint_TrialID7580_Date_29_10_2020_134245.csv,7580,,1,Initiator,Responder
joint,P1000_Player2_1212_joint_TrialID7581_Date_29_10_2020_133604.csv,7581,,1,Initiator,Responder
joint,P1000_Player2_1125_joint_TrialID7582_Date_29_10_2020_132337.csv,7582,,1,Initiator,Responder
joint,P1000_Player2_1126_joint_TrialID7583_Date_29_10_2020_132345.csv,7583,,1,Initiator,Responder
joint,P1000_Player2_1325_joint_TrialID7584_Date_29_10_2020_135808.csv,7584,,1,Initiator,Responder
joint,P1000_Player2_1401_joint_TrialID7585_Date_29_10_2020_140756.csv,7585,,1,Initiator,Responder
joint,P1000_Player2_1409_joint_TrialID7586_Date_29_10_2020_140900.csv,7586,,1,Initiator,Responder
joint,P1000_Player2_1146_joint_TrialID7587_Date_29_10_2020_132633.csv,7587,,1,Initiator,Responder
joint,P1000_Player2_1231_joint_TrialID7588_Date_29_10_2020_133850.csv,7588,,1,Initiator,Responder
joint,P1000_Player2_1305_joint_TrialID7589_Date_29_10_2020_135527.csv,7589,,1,Initiator,Responder
joint,P1000_Player2_1089_joint_TrialID7590_Date_29_10_2020_131716.csv,7590,,1,Initiator,Responder
joint,P1000_Player2_1196_joint_TrialID7591_Date_29_10_2020_133352.csv,7591,,1,Initiator,Responder
joint,P1000_Player2_1045_joint_TrialID7592_Date_29_10_2020_131010.csv,7592,,1,Initiator,Responder
joint,P1000_Player2_1275_joint_TrialID7593_Date_29_10_2020_135107.csv,7593,,1,Initiator,Responder
joint,P1000_Player2_1005_joint_TrialID7594_Date_29_10_2020_130412.csv,7594,,1,Initiator,Responder
joint,P1000_Player2_1096_joint_TrialID7595_Date_29_10_2020_131822.csv,7595,,1,Initiator,Responder
joint,P1000_Player2_1081_joint_TrialID7596_Date_29_10_2020_131603.csv,7596,,1,Initiator,Responder
joint,P1000_Player2_1216_joint_TrialID7597_Date_29_10_2020_133640.csv,7597,,2,Initiator,Responder
joint,P1000_Player2_1128_joint_TrialID7598_Date_29_10_2020_132401.csv,7598,,2,Initiator,Responder
joint,P1000_Player2_1332_joint_TrialID7599_Date_29_10_2020_135903.csv,7599,,2,Initiator,Responder
joint,P1000_Player2_1311_joint_TrialID7600_Date_29_10_2020_135616.csv,7600,,2,Initiator,Responder
joint,P1000_Player2_1277_joint_TrialID7601_Date_29_10_2020_135124.csv,7601,,2,Initiator,Responder
joint,P1000_Player2_1370_joint_TrialID7602_Date_29_10_2020_140358.csv,7602,,2,Initiator,Responder
joint,P1000_Player2_1253_joint_TrialID7603_Date_29_10_2020_134155.csv,7603,,2,Initiator,Responder
joint,P1000_Player2_1397_joint_TrialID7604_Date_29_10_2020_140722.csv,7604,,2,Initiator,Responder
joint,P1000_Player2_1336_joint_TrialID7605_Date_29_10_2020_135936.csv,7605,,2,Initiator,Responder
joint,P1000_Player2_1358_joint_TrialID7606_Date_29_10_2020_140226.csv,7606,,2,Initiator,Responder
joint,P1000_Player2_1416_joint_TrialID7607_Date_29_10_2020_140957.csv,7607,,2,Initiator,Responder
joint,P1000_Player2_1293_joint_TrialID7608_Date_29_10_2020_135343.csv,7608,,2,Initiator,Responder
joint,P1000_Player2_1429_joint_TrialID7609_Date_29_10_2020_141136.csv,7609,,2,Initiator,Responder
joint,P1000_Player2_1310_joint_TrialID7610_Date_29_10_2020_135608.csv,7610,,2,Initiator,Responder
joint,P1000_Player2_1015_joint_TrialID7611_Date_29_10_2020_130541.csv,7611,,2,Initiator,Responder
joint,P1000_Player2_1123_joint_TrialID7612_Date_29_10_2020_132321.csv,7612,,2,Initiator,Responder
joint,P1000_Player2_1224_joint_TrialID7613_Date_29_10_2020_133750.csv,7613,,2,Initiator,Responder
joint,P1000_Player2_1106_joint_TrialID7614_Date_29_10_2020_132008.csv,7614,,2,Initiator,Responder
joint,P1000_Player2_1057_joint_TrialID7615_Date_29_10_2020_131200.csv,7615,,2,Initiator,Responder
joint,P1000_Player2_1411_joint_TrialID7616_Date_29_10_2020_140916.csv,7616,,2,Initiator,Responder
joint,P1000_Player2_1099_joint_TrialID7617_Date_29_10_2020_131852.csv,7617,,2,Initiator,Responder
joint,P1000_Player2_1314_joint_TrialID7618_Date_29_10_2020_135640.csv,7618,,2,Initiator,Responder
joint,P1000_Player2_1141_joint_TrialID7619_Date_29_10_2020_132551.csv,7619,,2,Initiator,Responder
joint,P1000_Player2_1018_joint_TrialID7620_Date_29_10_2020_130607.csv,7620,,2,Initiator,Responder
joint,P1000_Player2_1009_joint_TrialID7621_Date_29_10_2020_130449.csv,7621,,3,Initiator,Responder
joint,P1000_Player2_1300_joint_TrialID7622_Date_29_10_2020_135443.csv,7622,,3,Initiator,Responder
joint,P1000_Player2_1333_joint_TrialID7623_Date_29_10_2020_135911.csv,7623,,3,Initiator,Responder
joint,P1000_Player2_1014_joint_TrialID7624_Date_29_10_2020_130532.csv,7624,,3,Initiator,Responder
joint,P1000_Player2_1291_joint_TrialID7625_Date_29_10_2020_135326.csv,7625,,3,Initiator,Responder
joint,P1000_Player2_1069_joint_TrialID7626_Date_29_10_2020_131357.csv,7626,,3,Initiator,Responder
joint,P1000_Player2_1244_joint_TrialID7627_Date_29_10_2020_134040.csv,7627,,3,Initiator,Responder
joint,P1000_Player2_1087_joint_TrialID7628_Date_29_10_2020_131657.csv,7628,,3,Initiator,Responder
joint,P1000_Player2_1372_joint_TrialID7629_Date_29_10_2020_140412.csv,7629,,3,Initiator,Responder
joint,P1000_Player2_1249_joint_TrialID7630_Date_29_10_2020_134122.csv,7630,,3,Initiator,Responder
joint,P1000_Player2_1131_joint_TrialID7631_Date_29_10_2020_132427.csv,7631,,3,Initiator,Responder
joint,P1000_Player2_1075_joint_TrialID7632_Date_29_10_2020_131458.csv,7632,,3,Initiator,Responder
joint,P1000_Player2_1252_joint_TrialID7633_Date_29_10_2020_134148.csv,7633,,3,Initiator,Responder
joint,P1000_Player2_1346_joint_TrialID7634_Date_29_10_2020_140057.csv,7634,,3,Initiator,Responder
joint,P1000_Player2_1317_joint_TrialID7635_Date_29_10_2020_135704.csv,7635,,3,Initiator,Responder
joint,P1000_Player2_1027_joint_TrialID7636_Date_29_10_2020_130730.csv,7636,,3,Initiator,Responder
joint,P1000_Player2_1274_joint_TrialID7637_Date_29_10_2020_135059.csv,7637,,3,Initiator,Responder
joint,P1000_Player2_1366_joint_TrialID7638_Date_29_10_2020_140330.csv,7638,,3,Initiator,Responder
joint,P1000_Player2_1065_joint_TrialID7639_Date_29_10_2020_131318.csv,7639,,3,Initiator,Responder
joint,P1000_Player2_1329_joint_TrialID7640_Date_29_10_2020_135839.csv,7640,,3,Initiator,Responder
joint,P1000_Player2_1170_joint_TrialID7641_Date_29_10_2020_133008.csv,7641,,3,Initiator,Responder
joint,P1000_Player2_1296_joint_TrialID7642_Date_29_10_2020_135409.csv,7642,,3,Initiator,Responder
joint,P1000_Player2_1028_joint_TrialID7643_Date_29_10_2020_130738.csv,7643,,3,Initiator,Responder
joint,P1000_Player2_1116_joint_TrialID7644_Date_29_10_2020_132218.csv,7644,,3,Initiator,Responder
